번호,이름,월,화,수,목,금,월.1,화.1,수.1,목.1,금.1,월.2,화.2,목.2,금.2,월.3,화.3,목.3,금.3,월.4,화.4,수.2,목.4,금.4,토,화.5,수.3,목.5,금.5,월.5,화.6,수.4,목.6,화.7,수.5,목.7,금.6,토.1,화.8,수.6,목.8,금.7,월.6,화.9,수.7,목.9,금.8,368:00:00,920:00:00,특이사항 표기,"184시간 초과 시, 퇴소"
,,2019.12.09,2019.12.10,2019.12.11,2019.12.12,2019.12.13,2019.12.16,2019.12.17,2019.12.18,2019.12.19,2019.12.20,2019.12.23,2019.12.24,2019.12.26,2019.12.27,2019.12.30,2019.12.31,2020.01.02,2020.01.03,2020.01.05,2020.01.07,2020.01.08,2020.01.09,2020.01.10,2020.01.11,2020.01.14,2020.01.15,2020.01.16,2020.01.17,2020.01.20,2020.01.21,2020.01.22,2020.01.23,2020.01.28,2020.01.29,2020.01.30,2020.01.31,2020.02.01,2020.02.04,2020.02.05,2020.02.06,2020.02.07,2020.02.10,2020.02.11,2020.02.12,2020.02.13,2020.02.14,누적출석시간,누적출석율,,총 결석시간
1.0,김은아,0:00:00,0:00:00,0:00:00,0:00:00,0:00:00,0:00:00,8:00:00,8:00:00,8:00:00,7:53:00,8:00:00,7:59:00,8:00:00,8:00:00,8:00:00,7:49:00,8:00:00,8:00:00,7:55:00,7:46:00,8:00:00,7:59:00,7:53:00,7:53:00,8:00:00,7:56:00,7:07:00,7:49:00,7:46:00,7:13:00,7:32:00,8:00:00,8:00:00,8:00:00,8:00:00,8:00:00,0:00:00,7:48:00,8:00:00,8:00:00,8:00:00,7:48:00,8:00:00,7:56:00,8:00:00,8:00:00,308:02:00,0.3348188405797102,2/5 퇴실설정 없음 찍음,59:58:00
2.0,김지승,6:49:00,8:00:00,8:00:00,7:59:00,7:56:00,5:38:00,7:49:00,0:00:00,7:53:00,6:33:00,8:00:00,8:00:00,6:47:00,7:00:00,7:50:00,0:00:00,7:21:00,7:43:00,7:54:00,7:00:00,6:00:00,7:13:00,7:46:00,0:00:00,7:46:00,7:40:00,7:20:00,7:35:00,7:43:00,7:44:00,4:46:00,7:41:00,7:35:00,7:39:00,7:42:00,6:48:00,6:25:00,7:23:00,8:00:00,7:41:00,0:00:00,8:00:00,7:36:00,8:00:00,7:44:00,0:00:00,303:59:00,0.33041666666666664,2/7 2/14 퇴실시간 없음,64:01:00
3.0,김충희 ,7:56:00,7:38:00,7:45:00,7:48:00,2:43:00,0:00:00,7:39:00,7:48:00,7:32:00,7:54:00,3:15:00,6:34:00,0:00:00,7:47:00,0:00:00,7:54:00,0:00:00,7:57:00,0:00:00,7:50:00,8:00:00,7:25:00,7:59:00,7:54:00,7:53:00,7:59:00,6:21:00,4:52:00,0:00:00,7:41:00,6:09:00,6:02:00,8:00:00,6:09:00,0:00:00,7:53:00,8:00:00,6:38:00,7:13:00,6:41:00,8:00:00,5:36:00,5:54:00,5:00:00,4:53:00,0:00:00,264:12:00,0.2871739130434782,,103:48:00
4.0,문석호,8:00:00,8:00:00,8:00:00,0:00:00,8:00:00,8:00:00,8:00:00,8:00:00,5:32:00,8:00:00,8:00:00,8:00:00,8:00:00,8:00:00,8:00:00,8:00:00,8:00:00,8:00:00,8:00:00,8:00:00,8:00:00,8:00:00,8:00:00,8:00:00,8:00:00,8:00:00,7:54:00,8:00:00,7:47:00,8:00:00,7:57:00,8:00:00,6:54:00,8:00:00,7:35:00,7:54:00,7:49:00,7:54:00,7:40:00,8:00:00,7:58:00,7:55:00,7:55:00,7:43:00,8:00:00,7:43:00,354:10:00,0.384963768115942,,13:50:00
5.0,문희원,8:00:00,0:00:00,8:00:00,8:00:00,8:00:00,0:00:00,0:00:00,0:00:00,8:00:00,8:00:00,8:00:00,2:54:00,8:00:00,8:00:00,0:00:00,0:00:00,8:00:00,8:00:00,8:00:00,8:00:00,8:00:00,8:00:00,8:00:00,7:53:00,8:00:00,4:31:00,5:03:00,8:00:00,6:00:00,8:00:00,8:00:00,8:00:00,8:00:00,5:10:00,8:00:00,8:00:00,0:00:00,8:00:00,8:00:00,8:00:00,8:00:00,8:00:00,5:48:00,7:56:00,8:00:00,7:40:00,292:55:00,0.3183876811594203,,75:05:00
6.0,배소현,8:00:00,8:00:00,7:58:00,7:56:00,0:00:00,8:00:00,0:00:00,0:00:00,8:00:00,8:00:00,8:00:00,8:00:00,8:00:00,7:57:00,7:55:00,7:58:00,7:55:00,7:57:00,7:50:00,7:50:00,8:00:00,7:51:00,7:59:00,6:08:00,7:53:00,7:56:00,7:49:00,7:45:00,7:35:00,7:12:00,7:55:00,7:52:00,7:53:00,7:09:00,7:47:00,7:07:00,2:55:00,7:45:00,8:00:00,7:08:00,7:33:00,4:45:00,7:45:00,7:53:00,7:35:00,7:36:00,326:02:00,0.3543840579710145,2/5 퇴실설정없음 찍음,41:58:00
7.0,백승환,0:00:00,0:00:00,0:00:00,0:00:00,0:00:00,0:00:00,0:00:00,0:00:00,0:00:00,0:00:00,0:00:00,8:00:00,8:00:00,8:00:00,8:00:00,8:00:00,8:00:00,8:00:00,8:00:00,8:00:00,8:00:00,8:00:00,8:00:00,8:00:00,8:00:00,8:00:00,8:00:00,8:00:00,8:00:00,8:00:00,6:32:00,5:55:00,8:00:00,8:00:00,7:43:00,8:00:00,6:59:00,8:00:00,8:00:00,7:55:00,7:47:00,8:00:00,8:00:00,8:00:00,8:00:00,7:42:00,274:33:00,0.29842391304347826,,93:27:00
8.0,송윤성,0:00:00,0:00:00,0:00:00,0:00:00,0:00:00,8:00:00,8:00:00,8:00:00,8:00:00,8:00:00,8:00:00,6:32:00,0:00:00,7:13:00,8:00:00,5:02:00,8:00:00,8:00:00,5:00:00,6:38:00,8:00:00,7:22:00,8:00:00,0:00:00,8:00:00,8:00:00,6:40:00,6:52:00,6:46:00,6:23:00,7:54:00,3:58:00,8:00:00,8:00:00,6:31:00,6:52:00,6:58:00,6:59:00,8:00:00,7:59:00,8:00:00,7:11:00,7:50:00,7:35:00,6:12:00,3:50:00,280:17:00,0.3046557971014493,,87:43:00
9.0,신광현,7:47:00,7:55:00,0:00:00,8:00:00,7:52:00,8:00:00,0:00:00,0:00:00,8:00:00,8:00:00,7:46:00,8:00:00,7:47:00,7:56:00,8:00:00,8:00:00,7:43:00,7:53:00,7:42:00,7:33:00,8:00:00,7:49:00,7:53:00,7:59:00,7:51:00,6:20:00,7:07:00,7:16:00,6:09:00,7:01:00,0:00:00,8:00:00,7:54:00,7:45:00,8:00:00,7:43:00,7:57:00,7:45:00,8:00:00,7:44:00,2:54:00,7:42:00,7:36:00,7:29:00,7:42:00,7:39:00,319:09:00,0.34690217391304345,,48:51:00
10.0,윤영준,8:00:00,8:00:00,8:00:00,8:00:00,8:00:00,8:00:00,8:00:00,8:00:00,8:00:00,8:00:00,8:00:00,8:00:00,8:00:00,8:00:00,0:00:00,0:00:00,8:00:00,8:00:00,8:00:00,8:00:00,8:00:00,8:00:00,0:00:00,8:00:00,8:00:00,5:53:00,7:40:00,7:39:00,0:00:00,8:00:00,8:00:00,7:59:00,7:25:00,7:09:00,8:00:00,8:00:00,2:49:00,8:00:00,7:42:00,8:00:00,8:00:00,7:23:00,5:00:00,0:00:00,0:00:00,0:00:00,298:39:00,0.32461956521739127,"2/12, 13, 14 퇴실설정안하고 찍음",69:21:00
11.0,이가은,7:55:00,8:00:00,8:00:00,8:00:00,8:00:00,8:00:00,7:03:00,8:00:00,6:54:00,8:00:00,8:00:00,4:16:00,8:00:00,7:09:00,8:00:00,7:57:00,0:00:00,8:00:00,7:51:00,8:00:00,8:00:00,7:59:00,6:17:00,7:42:00,7:18:00,7:42:00,7:50:00,5:26:00,7:07:00,7:51:00,7:05:00,7:59:00,8:00:00,8:00:00,7:54:00,7:03:00,4:53:00,0:00:00,0:00:00,0:00:00,0:00:00,0:00:00,7:58:00,5:00:00,7:33:00,6:08:00,295:50:00,0.3215579710144927,,72:10:00
12.0,이경희,8:00:00,8:00:00,8:00:00,8:00:00,8:00:00,8:00:00,8:00:00,8:00:00,8:00:00,8:00:00,7:58:00,7:53:00,7:57:00,8:00:00,8:00:00,8:00:00,3:45:00,8:00:00,7:57:00,7:59:00,8:00:00,8:00:00,8:00:00,8:00:00,8:00:00,7:58:00,8:00:00,7:58:00,8:00:00,7:56:00,8:00:00,8:00:00,8:00:00,8:00:00,8:00:00,8:00:00,8:00:00,8:00:00,8:00:00,8:00:00,8:00:00,8:00:00,7:55:00,8:00:00,7:57:00,8:00:00,363:13:00,0.39480072463768107,,4:47:00
13.0,이대광,0:00:00,8:00:00,8:00:00,8:00:00,8:00:00,3:39:00,0:00:00,0:00:00,0:00:00,8:00:00,8:00:00,0:00:00,8:00:00,8:00:00,8:00:00,8:00:00,4:17:00,7:51:00,8:00:00,7:52:00,8:00:00,8:00:00,8:00:00,8:00:00,8:00:00,8:00:00,8:00:00,8:00:00,8:00:00,8:00:00,7:58:00,8:00:00,8:00:00,7:59:00,8:00:00,8:00:00,7:47:00,8:00:00,8:00:00,8:00:00,8:00:00,7:55:00,8:00:00,7:57:00,8:00:00,8:00:00,319:15:00,0.3470108695652174,,48:45:00
14.0,이동규,7:51:00,8:00:00,8:00:00,8:00:00,8:00:00,8:00:00,8:00:00,8:00:00,8:00:00,8:00:00,8:00:00,8:00:00,8:00:00,8:00:00,8:00:00,0:00:00,8:00:00,8:00:00,8:00:00,8:00:00,8:00:00,8:00:00,8:00:00,8:00:00,8:00:00,8:00:00,7:50:00,5:00:00,8:00:00,8:00:00,8:00:00,8:00:00,8:00:00,8:00:00,8:00:00,8:00:00,5:09:00,8:00:00,0:00:00,8:00:00,8:00:00,8:00:00,8:00:00,0:00:00,8:00:00,7:52:00,337:42:00,0.3670652173913043,2/5 퇴실설정없음 찍음,30:18:00
15.0,이소은,8:00:00,7:53:00,7:59:00,8:00:00,2:57:00,8:00:00,0:00:00,8:00:00,8:00:00,7:54:00,8:00:00,7:59:00,8:00:00,8:00:00,8:00:00,8:00:00,8:00:00,7:58:00,8:00:00,8:00:00,8:00:00,7:10:00,8:00:00,7:58:00,8:00:00,8:00:00,7:10:00,7:30:00,8:00:00,7:53:00,7:37:00,7:10:00,8:00:00,4:07:00,7:10:00,5:18:00,0:00:00,8:00:00,8:00:00,8:00:00,7:34:00,7:47:00,6:55:00,7:57:00,7:42:00,6:00:00,331:38:00,0.3604710144927536,,36:22:00
16.0,이예랑,2:58:00,0:00:00,0:00:00,0:00:00,0:00:00,0:00:00,0:00:00,0:00:00,0:00:00,8:00:00,8:00:00,8:00:00,8:00:00,8:00:00,8:00:00,8:00:00,7:57:00,8:00:00,8:00:00,7:56:00,8:00:00,8:00:00,7:50:00,8:00:00,7:54:00,8:00:00,6:54:00,7:57:00,7:56:00,6:32:00,8:00:00,8:00:00,8:00:00,7:55:00,7:25:00,7:58:00,0:00:00,7:59:00,7:51:00,8:00:00,8:00:00,7:58:00,7:50:00,7:49:00,6:02:00,7:48:00,284:29:00,0.30922101449275363,,83:31:00
17.0,이주환,0:00:00,0:00:00,0:00:00,0:00:00,0:00:00,8:00:00,8:00:00,8:00:00,8:00:00,8:00:00,8:00:00,8:00:00,8:00:00,8:00:00,8:00:00,8:00:00,8:00:00,8:00:00,8:00:00,8:00:00,8:00:00,8:00:00,8:00:00,8:00:00,8:00:00,8:00:00,8:00:00,8:00:00,8:00:00,8:00:00,8:00:00,8:00:00,2:50:00,8:00:00,8:00:00,8:00:00,5:37:00,8:00:00,8:00:00,8:00:00,8:00:00,8:00:00,8:00:00,8:00:00,8:00:00,8:00:00,320:27:00,0.34831521739130433,,47:33:00
18.0,이중기,7:47:00,8:00:00,7:59:00,8:00:00,8:00:00,8:00:00,8:00:00,8:00:00,8:00:00,7:29:00,8:00:00,8:00:00,8:00:00,8:00:00,8:00:00,8:00:00,8:00:00,8:00:00,8:00:00,8:00:00,8:00:00,8:00:00,8:00:00,8:00:00,8:00:00,8:00:00,8:00:00,8:00:00,8:00:00,8:00:00,8:00:00,8:00:00,8:00:00,8:00:00,8:00:00,8:00:00,8:00:00,8:00:00,7:59:00,8:00:00,8:00:00,8:00:00,8:00:00,8:00:00,8:00:00,8:00:00,367:14:00,0.39916666666666667,,0:46:00
19.0,이철희,8:00:00,8:00:00,0:00:00,0:00:00,0:00:00,8:00:00,8:00:00,8:00:00,8:00:00,8:00:00,7:57:00,8:00:00,8:00:00,8:00:00,7:59:00,4:41:00,7:59:00,8:00:00,7:49:00,8:00:00,8:00:00,7:58:00,8:00:00,8:00:00,5:35:00,7:58:00,7:57:00,7:02:00,6:10:00,7:54:00,0:00:00,7:59:00,7:53:00,8:00:00,6:44:00,7:59:00,0:00:00,6:56:00,7:52:00,7:38:00,7:54:00,5:15:00,7:51:00,7:40:00,7:11:00,0:00:00,303:51:00,0.3302717391304348,,64:09:00
20.0,장재원,0:00:00,0:00:00,0:00:00,0:00:00,8:00:00,6:12:00,8:00:00,8:00:00,8:00:00,7:56:00,8:00:00,5:18:00,8:00:00,8:00:00,7:56:00,7:57:00,7:52:00,8:00:00,7:47:00,7:48:00,8:00:00,7:49:00,7:50:00,5:10:00,7:29:00,7:28:00,7:43:00,7:14:00,7:56:00,4:53:00,7:44:00,8:00:00,8:00:00,7:54:00,8:00:00,7:45:00,5:08:00,7:55:00,7:53:00,8:00:00,7:37:00,7:58:00,7:47:00,6:54:00,7:40:00,7:45:00,316:18:00,0.34380434782608693,,51:42:00
21.0,장준규,7:58:00,7:47:00,8:00:00,8:00:00,7:56:00,8:00:00,6:54:00,8:00:00,8:00:00,8:00:00,0:00:00,0:00:00,0:00:00,0:00:00,8:00:00,8:00:00,0:00:00,0:00:00,8:00:00,8:00:00,8:00:00,7:49:00,8:00:00,5:37:00,7:57:00,8:00:00,7:50:00,8:00:00,7:54:00,7:50:00,8:00:00,7:59:00,0:00:00,7:48:00,7:56:00,7:49:00,0:00:00,8:00:00,7:52:00,0:00:00,0:00:00,7:56:00,7:48:00,7:51:00,7:54:00,8:00:00,282:25:00,0.30697463768115946,2/14 출근시간 없음,85:35:00
22.0,장희은,8:00:00,0:00:00,8:00:00,8:00:00,8:00:00,8:00:00,0:00:00,8:00:00,0:00:00,8:00:00,8:00:00,8:00:00,8:00:00,8:00:00,8:00:00,8:00:00,8:00:00,8:00:00,8:00:00,8:00:00,8:00:00,8:00:00,7:01:00,8:00:00,7:57:00,5:59:00,7:33:00,8:00:00,8:00:00,6:48:00,8:00:00,8:00:00,8:00:00,8:00:00,8:00:00,8:00:00,4:53:00,8:00:00,8:00:00,8:00:00,8:00:00,8:00:00,8:00:00,8:00:00,0:00:00,8:00:00,328:11:00,0.3567210144927536,,39:49:00
23.0,정수현,8:00:00,8:00:00,8:00:00,8:00:00,8:00:00,8:00:00,8:00:00,8:00:00,8:00:00,0:00:00,8:00:00,8:00:00,8:00:00,8:00:00,8:00:00,8:00:00,8:00:00,6:47:00,6:39:00,0:00:00,8:00:00,8:00:00,8:00:00,8:00:00,8:00:00,7:42:00,7:07:00,8:00:00,8:00:00,6:43:00,8:00:00,8:00:00,8:00:00,8:00:00,8:00:00,8:00:00,0:00:00,8:00:00,7:07:00,8:00:00,8:00:00,0:00:00,0:00:00,8:00:00,8:00:00,8:00:00,322:05:00,0.35009057971014484,,45:55:00
24.0,한겨레,0:00:00,0:00:00,0:00:00,0:00:00,0:00:00,0:00:00,0:00:00,0:00:00,0:00:00,2:48:00,8:00:00,8:00:00,8:00:00,8:00:00,4:13:00,8:00:00,8:00:00,8:00:00,8:00:00,8:00:00,8:00:00,8:00:00,7:58:00,8:00:00,8:00:00,8:00:00,6:48:00,7:41:00,8:00:00,8:00:00,8:00:00,7:58:00,8:00:00,8:00:00,7:57:00,8:00:00,5:00:00,8:00:00,7:59:00,8:00:00,8:00:00,7:47:00,8:00:00,8:00:00,7:49:00,8:00:00,281:58:00,0.30648550724637674,,86:02:00
25.0,한상국,4:21:00,0:00:00,0:00:00,0:00:00,0:00:00,7:53:00,7:59:00,5:07:00,7:37:00,4:27:00,7:48:00,0:00:00,7:33:00,7:55:00,8:00:00,8:00:00,7:14:00,7:54:00,7:39:00,7:42:00,8:00:00,6:32:00,6:45:00,0:00:00,7:53:00,5:55:00,7:48:00,7:31:00,7:14:00,8:00:00,6:53:00,7:50:00,8:00:00,3:29:00,7:52:00,7:51:00,6:40:00,6:10:00,8:00:00,7:58:00,7:32:00,8:00:00,7:41:00,7:28:00,8:00:00,4:55:00,287:06:00,0.31206521739130433,2/13 퇴실설정안하고 찍음,80:54:00
